10089,pawxwap,20180314150412028865,98821290,0,0,0,pay.telmyb.top,0
10089,pawxwap,20180314150412028865,98783180,0,0,0,pay.jjmyx.top,0
10089,pawxwap,20180314150412028865,98792318,0,0,0,pay.jjmyx.top,0
10089,pawxwap,20180314150412028865,98773533,0,0,0,pay.jjmyx.top,0
10089,pawxwap,20180314150412028865,200602575,0,0,0,pay.jjmyx.top,0
10089,pawxwap,20180314150412028865,98836296,0,0,0,pay.lzkjh.top,0
10089,pawxwap,20180314150412028865,98810470,0,0,0,pay.lzkjh.top,0
10089,pawxwap,20180314150412028865,200615075,0,0,0,pay.mysyg.top,0
10089,pawxwap,20180314150412028865,98820397,0,0,0,pay.mysyg.top,0
10089,pawxwap,20180314150412028865,200604187,0,0,0,pay.mysyg.top,0
10089,pawxwap,20180314150412028865,98830514,0,0,0,pay.mysyg.top,0
10089,pawxwap,20180314150412028865,98830608,0,0,0,pay.mhmyk.top,0
10089,pawxwap,20180314150412028865,98836142,0,0,0,pay.mhmyk.top,0
10089,pawxwap,20180314150412028865,98811064,0,0,0,pay.mhmyk.top,0
10089,pawxwap,20180314150412028865,200611029,0,0,0,pay.telmyb.top,0
10089,pawxwap,20180314150412028865,98821306,0,0,0,pay.telmyb.top,0
10091,pawxwap,20180314150354020884,98811280,0,0,0,pay.telmyb.top,0
10091,pawxwap,20180314150354020884,98830869,0,0,0,pay.telmyb.top,0
10091,pawxwap,20180314150354020884,98836602,0,0,0,pay.telmyb.top,0
10091,pawxwap,20180314150354020884,89539248,0,0,0,pay.jjmyx.top,0
10091,pawxwap,20180314150354020884,89548759,0,0,0,pay.jjmyx.top,0