10089,pawxwap,20180314150412028865,98821290,0,0,0,pay.telmyb.top,0
10089,pawxwap,20180314150412028865,98783180,0,0,0,pay.jjmyx.top,0
10089,pawxwap,20180314150412028865,200602575,0,0,0,pay.jjmyx.top,0
10089,pawxwap,20180314150412028865,98810470,0,0,0,pay.lzkjh.top,0
10089,pawxwap,20180314150412028865,98830608,0,0,0,pay.mhmyk.top,0
10089,pawxwap,20180314150412028865,98836142,0,0,0,pay.mhmyk.top,0
10089,pawxwap,20180314150412028865,98811064,0,0,0,pay.mhmyk.top,0
10089,pawxwap,20180314150412028865,89548759,0,0,0,pay.jjmyx.top,0
10089,pawxwap,20180314150412028865,200795445,0,0,0,pay.telmyb.top,0
10089,pawxwap,20180314150412028865,200784363,0,0,0,pay.telmyb.top,0
10089,pawxwap,20180314150412028865,99740572,0,0,0,pay.telmyb.top,0
10089,pawxwap,20180314150412028865,99724576,0,0,0,pay.telmyb.top,0
10089,pawxwap,20180314150412028865,99740158,0,0,0,pay.telmyb.top,0
10089,pawxwap,20180314150412028865,99746535,0,0,0,pay.telmyb.top,0











