10089,pawxwap,20180314150412028865,203066596,0,0,0,pay.mhmyk.top,0
10089,pawxwap,20180314150412028865,203053941,0,0,0,pay.mhmyk.top,0
10089,pawxwap,20180314150412028865,203062783,0,0,0,pay.mhmyk.top,0
10089,pawxwap,20180314150412028865,203066050,0,0,0,pay.mhmyk.top,0
10089,pawxwap,20180314150412028865,203065708,0,0,0,pay.mhmyk.top,0
10089,pawxwap,20180314150412028865,203065814,0,0,0,pay.mhmyk.top,0
10089,pawxwap,20180314150412028865,203062655,0,0,0,pay.mhmyk.top,0
10089,pawxwap,20180314150412028865,203053514,0,0,0,pay.mhmyk.top,0
10089,pawxwap,20180314150412028865,203057678,0,0,0,pay.mhmyk.top,0
10089,pawxwap,20180314150412028865,203053729,0,0,0,pay.mhmyk.top,0
10089,pawxwap,20180314150412028865,202726780,0,0,0,pay.telmyb.top,0
10089,pawxwap,20180314150412028865,202717584,0,0,0,pay.telmyb.top,0
10089,pawxwap,20180314150412028865,202727000,0,0,0,pay.telmyb.top,0
10089,pawxwap,20180314150412028865,202730764,0,0,0,pay.telmyb.top,0
10089,pawxwap,20180314150412028865,202731162,0,0,0,pay.telmyb.top,0
10091,pawxwap,20180316224805020170,202726682,0,0,0,pay.telmyb.top,0
10091,pawxwap,20180316224805020170,202726209,0,0,0,pay.telmyb.top,0
10091,pawxwap,20180316224805020170,202717038,0,0,0,pay.telmyb.top,0
10091,pawxwap,20180316224805020170,202717100,0,0,0,pay.telmyb.top,0
10091,pawxwap,20180316224805020170,202730630,0,0,0,pay.telmyb.top,0
10091,pawxwap,20180316224805020170,202113442,0,0,0,pay.mhmyk.top,0
10091,pawxwap,20180316224805020170,202121836,0,0,0,pay.mhmyk.top,0
10086,pawxwap,20180315183314024845,202113019,0,0,0,pay.mhmyk.top,0
10086,pawxwap,20180315183314024845,202117706,0,0,0,pay.mysyg.top,0
10086,pawxwap,20180315183314024845,202125075,0,0,0,pay.mysyg.top,0
10086,pawxwap,20180315183314024845,202120927,0,0,0,pay.mysyg.top,0
10086,pawxwap,20180315183314024845,202112660,0,0,0,pay.mysyg.top,0