10089,pawxwap,20180314150412028865,202727000,0,0,0,pay.telmyb.top,0
10089,pawxwap,20180314150412028865,202730764,0,0,0,pay.telmyb.top,0
10089,pawxwap,20180314150412028865,202726209,0,0,0,pay.telmyb.top,0
10089,pawxwap,20180314150412028865,202717038,0,0,0,pay.telmyb.top,0
10089,pawxwap,20180314150412028865,202717100,0,0,0,pay.telmyb.top,0
10089,pawxwap,20180314150412028865,203862286,0,0,0,pay.lzkjh.top,0
10089,pawxwap,20180314150412028865,203856987,0,0,0,pay.lzkjh.top,0
10089,pawxwap,20180314150412028865,203862592,0,0,0,pay.lzkjh.top,0
10089,pawxwap,20180314150412028865,203849985,0,0,0,pay.lzkjh.top,0
10089,pawxwap,20180314150412028865,203862417,0,0,0,pay.lzkjh.top,0
10089,pawxwap,20180314150412028865,203849923,0,0,0,pay.lzkjh.top,0
10089,pawxwap,20180314150412028865,203862109,0,0,0,pay.lzkjh.top,0
10090,pawxwap,20180322192606024299,203261527,0,0,0,pay.jjmyx.top,0
10090,pawxwap,20180322192606024299,203262620,0,0,0,pay.mhmyk.top,0
10090,pawxwap,20180322192606024299,203258805,0,0,0,pay.mysyg.top,0
10090,pawxwap,20180322192606024299,203270182,0,0,0,pay.lzkjh.top,0
10090,pawxwap,20180322192606024299,203862491,0,0,0,pay.lzkjh.top,0
10090,pawxwap,20180322192606024299,203857022,0,0,0,pay.lzkjh.top,0
10090,pawxwap,20180322192606024299,203862490,0,0,0,pay.lzkjh.top,0
10090,pawxwap,20180322192606024299,203856985,0,0,0,pay.jjmyx.top,0
10090,pawxwap,20180322192606024299,203053941,0,0,0,pay.mhmyk.top,0
10090,pawxwap,20180322192606024299,202117706,0,0,0,pay.mysyg.top,0
10091,pawxwap,20180316224805020170,202109538,0,0,0,pay.mysyg.top,0
10091,pawxwap,20180316224805020170,203062655,0,0,0,pay.mhmyk.top,0
10091,pawxwap,20180316224805020170,203053514,0,0,0,pay.mhmyk.top,0
10091,pawxwap,20180316224805020170,203267952,0,0,0,pay.jjmyx.top,0
10091,pawxwap,20180316224805020170,202726780,0,0,0,pay.telmyb.top,0
10091,pawxwap,20180316224805020170,202727000,0,0,0,pay.telmyb.top,0
10091,pawxwap,20180316224805020170,202730764,0,0,0,pay.telmyb.top,0
10091,pawxwap,20180316224805020170,202726209,0,0,0,pay.telmyb.top,0
10091,pawxwap,20180316224805020170,202717038,0,0,0,pay.telmyb.top,0
10091,pawxwap,20180316224805020170,202717100,0,0,0,pay.telmyb.top,0