10089,pawxwap,20180314150412028865,204243182,0,0,0,pay.kssdwj.cn,0
10089,pawxwap,20180314150412028865,204262655,0,0,0,pay.kssdwj.cn,0
10089,pawxwap,20180314150412028865,204242898,0,0,0,pay.kssdwj.cn,0
10089,pawxwap,20180314150412028865,204234096,0,0,0,pay.kssdwj.cn,0
10089,pawxwap,20180314150412028865,204233915,0,0,0,pay.kssdwj.cn,0
10089,pawxwap,20180314150412028865,204241687,0,0,0,pay.kssdwj.cn,0
10089,pawxwap,20180314150412028865,204242667,0,0,0,pay.kssdwj.cn,0
10089,pawxwap,20180314150412028865,204237807,0,0,0,pay.kssdwj.cn,0
10089,pawxwap,20180314150412028865,204238032,0,0,0,pay.kssdwj.cn,0
10089,pawxwap,20180314150412028865,204258835,0,0,0,pay.kssdwj.cn,0
10089,pawxwap,20180314150412028865,204263349,0,0,0,pay.telmyb.top,0
10089,pawxwap,20180314150412028865,203849985,0,0,0,pay.lzkjh.top,0
10089,pawxwap,20180314150412028865,204267871,0,0,0,pay.telmyb.top,0
10089,pawxwap,20180314150412028865,204263157,0,0,0,pay.telmyb.top,0
10089,pawxwap,20180314150412028865,204267970,0,0,0,pay.telmyb.top,0
10089,pawxwap,20180314150412028865,204263255,0,0,0,pay.telmyb.top,0
10089,pawxwap,20180314150412028865,204258453,0,0,0,pay.telmyb.top,0
10089,pawxwap,20180314150412028865,204263046,0,0,0,pay.telmyb.top,0
10089,pawxwap,20180314150412028865,204254433,0,0,0,pay.telmyb.top,0
10091,pawxwap,20180316224805020170,204267451,0,0,0,pay.telmyb.top,0
10091,pawxwap,20180316224805020170,204253943,0,0,0,pay.telmyb.top,0
10091,pawxwap,20180316224805020170,204262667,0,0,0,pay.telmyb.top,0
10091,pawxwap,20180316224805020170,204262590,0,0,0,pay.telmyb.top,0
10091,pawxwap,20180316224805020170,204267082,0,0,0,pay.telmyb.top,0
10091,pawxwap,20180316224805020170,204253780,0,0,0,pay.telmyb.top,0
10091,pawxwap,20180316224805020170,204267132,0,0,0,pay.telmyb.top,0
10091,pawxwap,20180316224805020170,204262512,0,0,0,pay.telmyb.top,0
10091,pawxwap,20180316224805020170,204253459,0,0,0,pay.telmyb.top,0