10089,pawxwap,20180314150412028865,205267248,0,0,0,pay.tiangongd.cn,0
10089,pawxwap,20180314150412028865,205264798,0,0,0,pay.tiangongd.cn,0
10089,pawxwap,20180314150412028865,205276031,0,0,0,pay.telmyb.top,0
10089,pawxwap,20180314150412028865,205271383,0,0,0,pay.telmyb.top,0
10089,pawxwap,20180314150412028865,205275919,0,0,0,pay.telmyb.top,0
10089,pawxwap,20180314150412028865,205271005,0,0,0,pay.telmyb.top,0
10089,pawxwap,20180314150412028865,205271485,0,0,0,pay.telmyb.top,0
10089,pawxwap,20180314150412028865,205266742,0,0,0,pay.telmyb.top,0
10089,pawxwap,20180314150412028865,205264668,0,0,0,pay.mhmyk.top,0
10089,pawxwap,20180314150412028865,205271464,0,0,0,pay.mhmyk.top,0
10089,pawxwap,20180314150412028865,205266674,0,0,0,pay.mhmyk.top,0
10089,pawxwap,20180314150412028865,205266499,0,0,0,pay.mhmyk.top,0
10089,pawxwap,20180314150412028865,205264427,0,0,0,pay.mhmyk.top,0
10089,pawxwap,20180314150412028865,205266395,0,0,0,pay.lzkjh.top,0
10089,pawxwap,20180314150412028865,205275896,0,0,0,pay.lzkjh.top,0
10089,pawxwap,20180314150412028865,205270979,0,0,0,pay.lzkjh.top,0
10089,pawxwap,20180314150412028865,205264488,0,0,0,pay.lzkjh.top,0
10089,pawxwap,20180314150412028865,205264249,0,0,0,pay.lzkjh.top,0
10089,pawxwap,20180314150412028865,205270767,0,0,0,pay.mysyg.top,0
10089,pawxwap,20180314150412028865,205270889,0,0,0,pay.mysyg.top,0
10089,pawxwap,20180314150412028865,205249273,0,0,0,pay.mysyg.top,0
10089,pawxwap,20180314150412028865,205258164,0,0,0,pay.mysyg.top,0
10089,pawxwap,20180314150412028865,205249256,0,0,0,pay.mysyg.top,0
10089,pawxwap,20180314150412028865,205248960,0,0,0,pay.jjmyx.top,0
10089,pawxwap,20180314150412028865,205248787,0,0,0,pay.jjmyx.top,0
10089,pawxwap,20180314150412028865,205262287,0,0,0,pay.jjmyx.top,0
10089,pawxwap,20180314150412028865,205262080,0,0,0,pay.jjmyx.top,0
10089,pawxwap,20180314150412028865,205229549,0,0,0,pay.jjmyx.top,0
10089,pawxwap,20180314150412028865,205248960,0,0,0,pay.jjmyx.top,0
10090,pawxwap,20180322192606024299,204267451,0,0,0,pay.telmyb.top,0
10090,pawxwap,20180322192606024299,204262590,0,0,0,pay.telmyb.top,0
10090,pawxwap,20180322192606024299,204253780,0,0,0,pay.telmyb.top,0
10090,pawxwap,20180322192606024299,204262512,0,0,0,pay.telmyb.top,0
10090,pawxwap,20180322192606024299,204253459,0,0,0,pay.telmyb.top,0