10089,pawxwap,20180314150412028865,205666926,0,0,0,pay.mysyg.top,0
10089,pawxwap,20180314150412028865,205671452,0,0,0,pay.lzkjh.top,0
10089,pawxwap,20180314150412028865,205667328,0,0,0,pay.jjmyx.top,0
10089,pawxwap,20180314150412028865,205672270,0,0,0,pay.telmyb.top,0
10089,pawxwap,20180314150412028865,205666868,0,0,0,pay.lzkjh.top,0
10089,pawxwap,20180314150412028865,205667600,0,0,0,pay.jjmyx.top,0
10089,pawxwap,20180314150412028865,205670905,0,0,0,pay.kssdwj.cn,0
10089,pawxwap,20180314150412028865,205258164,0,0,0,pay.mysyg.top,0
10089,pawxwap,20180314150412028865,205677024,0,0,0,pay.telmyb.top,0
10089,pawxwap,20180314150412028865,205264427,0,0,0,pay.mhmyk.top,0
10089,pawxwap,20180314150412028865,205666945,0,0,0,pay.kssdwj.cn,0
10089,pawxwap,20180314150412028865,205670882,0,0,0,pay.kssdwj.cn,0
10089,pawxwap,20180314150412028865,205664494,0,0,0,pay.mysyg.top,0
10089,pawxwap,20180314150412028865,205264668,0,0,0,pay.mhmyk.top,0
10089,pawxwap,20180314150412028865,205266395,0,0,0,pay.lzkjh.top,0
10089,pawxwap,20180314150412028865,205664919,0,0,0,pay.mhmyk.top,0
10089,pawxwap,20180314150412028865,205680203,0,0,0,pay.mhmyk.top,0
10089,pawxwap,20180314150412028865,205667364,0,0,0,pay.jjmyx.top,0
10089,pawxwap,20180314150412028865,205671486,0,0,0,pay.jjmyx.top,0
10089,pawxwap,20180314150412028865,205676140,0,0,0,pay.lzkjh.top,0