10090,pawxwap,20180322192606024299,205666926,0,0,0,pay.mysyg.top,0
10090,pawxwap,20180322192606024299,205671452,0,0,0,pay.lzkjh.top,0
10090,pawxwap,20180322192606024299,205667328,0,0,0,pay.jjmyx.top,0
10090,pawxwap,20180322192606024299,205672270,0,0,0,pay.telmyb.top,0
10090,pawxwap,20180322192606024299,205667600,0,0,0,pay.jjmyx.top,0
10090,pawxwap,20180322192606024299,205670905,0,0,0,pay.kssdwj.cn,0
10090,pawxwap,20180322192606024299,205258164,0,0,0,pay.mysyg.top,0
10090,pawxwap,20180322192606024299,205677024,0,0,0,pay.telmyb.top,0
10090,pawxwap,20180322192606024299,205264427,0,0,0,pay.mhmyk.top,0
10090,pawxwap,20180322192606024299,205666945,0,0,0,pay.kssdwj.cn,0
10090,pawxwap,20180322192606024299,205670882,0,0,0,pay.kssdwj.cn,0
10090,pawxwap,20180322192606024299,205664494,0,0,0,pay.mysyg.top,0
10090,pawxwap,20180322192606024299,205266395,0,0,0,pay.lzkjh.top,0
10090,pawxwap,20180322192606024299,205671486,0,0,0,pay.jjmyx.top,0
10090,pawxwap,20180322192606024299,205676140,0,0,0,pay.lzkjh.top,0