10089,pawxwap,20180314150412028865,206045910,0,0,0,pay.mhmyk.top,0
10089,pawxwap,20180314150412028865,206045995,0,0,0,pay.mhmyk.top,0
10089,pawxwap,20180314150412028865,206041792,0,0,0,pay.mhmyk.top,0
10089,pawxwap,20180314150412028865,206036560,0,0,0,pay.mhmyk.top,0
10089,pawxwap,20180314150412028865,206045910,0,0,0,pay.mhmyk.top,0
10091,pawxwap,20180411231225023386,205664919,0,0,0,pay.mhmyk.top,0
10091,pawxwap,20180411231225023386,205680203,0,0,0,pay.mhmyk.top,0
10091,pawxwap,20180411231225023386,205672287,0,0,0,pay.mhmyk.top,0
10091,pawxwap,20180411231225023386,205667734,0,0,0,pay.telmyb.top,0
10091,pawxwap,20180411231225023386,205672270,0,0,0,pay.telmyb.top,0
10091,pawxwap,20180411231225023386,205677024,0,0,0,pay.telmyb.top,0
10091,pawxwap,20180411231225023386,205667419,0,0,0,pay.telmyb.top,0
10091,pawxwap,20180411231225023386,205676746,0,0,0,pay.telmyb.top,0
10091,pawxwap,20180411231225023386,205667364,0,0,0,pay.jjmyx.top,0
10091,pawxwap,20180411231225023386,205667600,0,0,0,pay.jjmyx.top,0
10091,pawxwap,20180411231225023386,205667436,0,0,0,pay.jjmyx.top,0
10091,pawxwap,20180411231225023386,205671486,0,0,0,pay.jjmyx.top,0
10091,pawxwap,20180411231225023386,205667328,0,0,0,pay.jjmyx.top,0
10091,pawxwap,20180411231225023386,205671543,0,0,0,pay.mysyg.top,0
10091,pawxwap,20180411231225023386,205664494,0,0,0,pay.mysyg.top,0
10091,pawxwap,20180411231225023386,205671386,0,0,0,pay.mysyg.top,0
10091,pawxwap,20180411231225023386,205671761,0,0,0,pay.mysyg.top,0
10091,pawxwap,20180411231225023386,205666926,0,0,0,pay.mysyg.top,0
10091,pawxwap,20180411231225023386,205676140,0,0,0,pay.lzkjh.top,0
10091,pawxwap,20180411231225023386,205671584,0,0,0,pay.lzkjh.top,0
10091,pawxwap,20180411231225023386,205671445,0,0,0,pay.lzkjh.top,0
10091,pawxwap,20180411231225023386,205666868,0,0,0,pay.lzkjh.top,0
10091,pawxwap,20180411231225023386,205671452,0,0,0,pay.lzkjh.top,0
10091,pawxwap,20180411231225023386,205670882,0,0,0,pay.kssdwj.cn,0
10091,pawxwap,20180411231225023386,205666945,0,0,0,pay.kssdwj.cn,0
10091,pawxwap,20180411231225023386,205675704,0,0,0,pay.kssdwj.cn,0
10091,pawxwap,20180411231225023386,205666510,0,0,0,pay.kssdwj.cn,0
10091,pawxwap,20180411231225023386,205670905,0,0,0,pay.kssdwj.cn,0
10091,pawxwap,20180411231225023386,205264427,0,0,0,pay.mhmyk.top,0
10091,pawxwap,20180411231225023386,205258164,0,0,0,pay.mysyg.top,0
10091,pawxwap,20180411231225023386,205266395,0,0,0,pay.lzkjh.top,0