10089,pawxwap,20180314150412028865,206247161,0,0,0,pay.mysyg.top,0
10089,pawxwap,20180314150412028865,206049736,0,0,0,pay.mysyg.top,0
10089,pawxwap,20180314150412028865,206049178,0,0,0,pay.mysyg.top,0
10089,pawxwap,20180314150412028865,206053115,0,0,0,pay.mysyg.top,0
10089,pawxwap,20180314150412028865,206049067,0,0,0,pay.mysyg.top,0
10089,pawxwap,20180314150412028865,206253109,0,0,0,pay.jjmyx.top,0
10089,pawxwap,20180314150412028865,206038686,0,0,0,pay.jjmyx.top,0
10089,pawxwap,20180314150412028865,206039189,0,0,0,pay.jjmyx.top,0
10089,pawxwap,20180314150412028865,206038654,0,0,0,pay.jjmyx.top,0
10089,pawxwap,20180314150412028865,206043809,0,0,0,pay.jjmyx.top,0
10089,pawxwap,20180314150412028865,206038572,0,0,0,pay.jjmyx.top,0
10089,pawxwap,20180314150412028865,206243292,0,0,0,pay.telmyb.top,0
10089,pawxwap,20180314150412028865,206047613,0,0,0,pay.telmyb.top,0
10089,pawxwap,20180314150412028865,206047343,0,0,0,pay.telmyb.top,0
10089,pawxwap,20180314150412028865,206038165,0,0,0,pay.telmyb.top,0
10089,pawxwap,20180314150412028865,206051130,0,0,0,pay.telmyb.top,0
10089,pawxwap,20180314150412028865,206042502,0,0,0,pay.telmyb.top,0
10089,pawxwap,20180314150412028865,206046410,0,0,0,pay.mhmyk.top,0
10089,pawxwap,20180314150412028865,206045910,0,0,0,pay.mhmyk.top,0
10089,pawxwap,20180314150412028865,206045995,0,0,0,pay.mhmyk.top,0
10089,pawxwap,20180314150412028865,206041792,0,0,0,pay.mhmyk.top,0
10089,pawxwap,20180314150412028865,206036560,0,0,0,pay.mhmyk.top,0
10089,pawxwap,20180314150412028865,206034626,0,0,0,pay.mhmyk.top,0