10089,pawxwap,20180314150412028865,206243292,0,0,0,pay.telmyb.top,0
10089,pawxwap,20180314150412028865,206039189,0,0,0,pay.jjmyx.top,0
10089,pawxwap,20180314150412028865,206045910,0,0,0,pay.mhmyk.top,0
10089,pawxwap,20180314150412028865,206041792,0,0,0,pay.mhmyk.top,0
10089,pawxwap,20180314150412028865,206036560,0,0,0,pay.mhmyk.top,0
10089,pawxwap,20180314150412028865,207585887,0,0,0,pay.mysyg.top,0
10089,pawxwap,20180314150412028865,207585711,0,0,0,pay.mysyg.top,0
10089,pawxwap,20180314150412028865,207582633,0,0,0,pay.mysyg.top,0
10089,pawxwap,20180314150412028865,207573401,0,0,0,pay.telmyb.top,0
10089,pawxwap,20180314150412028865,207585914,0,0,0,pay.telmyb.top,0
10089,pawxwap,20180314150412028865,207585294,0,0,0,pay.telmyb.top,0
10089,pawxwap,20180314150412028865,207572954,0,0,0,pay.telmyb.top,0
10089,pawxwap,20180314150412028865,207577460,0,0,0,pay.telmyb.top,0
10089,pawxwap,20180314150412028865,207585238,0,0,0,pay.lzkjh.top,0
10089,pawxwap,20180314150412028865,207582127,0,0,0,pay.lzkjh.top,0
10089,pawxwap,20180314150412028865,207585674,0,0,0,pay.lzkjh.top,0
10089,pawxwap,20180314150412028865,207581767,0,0,0,pay.lzkjh.top,0
10089,pawxwap,20180314150412028865,207572989,0,0,0,pay.lzkjh.top,0
10089,pawxwap,20180314150412028865,207569855,0,0,0,pay.kssdwj.cn,0
10089,pawxwap,20180314150412028865,207572541,0,0,0,pay.kssdwj.cn,0
10089,pawxwap,20180314150412028865,207585057,0,0,0,pay.kssdwj.cn,0
10089,pawxwap,20180314150412028865,207577063,0,0,0,pay.kssdwj.cn,0
10089,pawxwap,20180314150412028865,207572611,0,0,0,pay.kssdwj.cn,0