10089,pawxwap,20180314150412028865,208399275,0,0,0,pay.jjmyx.top,0
10089,pawxwap,20180314150412028865,208402996,0,0,0,pay.jjmyx.top,0
10089,pawxwap,20180314150412028865,208394302,0,0,0,pay.jjmyx.top,0
10089,pawxwap,20180314150412028865,208399035,0,0,0,pay.kssdwj.cn,0
10089,pawxwap,20180314150412028865,208405937,0,0,0,pay.kssdwj.cn,0
10089,pawxwap,20180314150412028865,208402727,0,0,0,pay.kssdwj.cn,0
10089,pawxwap,20180314150412028865,208405797,0,0,0,pay.kssdwj.cn,0
10089,pawxwap,20180314150412028865,208405689,0,0,0,pay.kssdwj.cn,0
10089,pawxwap,20180314150412028865,208398647,0,0,0,pay.mysyg.top,0
10089,pawxwap,20180314150412028865,208394069,0,0,0,pay.mysyg.top,0
10089,pawxwap,20180314150412028865,208394142,0,0,0,pay.mysyg.top,0
10089,pawxwap,20180314150412028865,208399128,0,0,0,pay.mysyg.top,0
10089,pawxwap,20180314150412028865,208402812,0,0,0,pay.mysyg.top,0
10089,pawxwap,20180314150412028865,208402952,0,0,0,pay.jjmyx.top,0
10089,pawxwap,20180314150412028865,208394121,0,0,0,pay.jjmyx.top,0
10089,pawxwap,20180314150412028865,208402477,0,0,0,pay.jjmyx.top,0
10089,pawxwap,20180314150412028865,208402430,0,0,0,pay.jjmyx.top,0
10089,pawxwap,20180314150412028865,208402335,0,0,0,pay.jjmyx.top,0
10089,pawxwap,20180314150412028865,208394061,0,0,0,pay.kssdwj.cn,0
10089,pawxwap,20180314150412028865,208393852,0,0,0,pay.kssdwj.cn,0
10089,pawxwap,20180314150412028865,208394099,0,0,0,pay.kssdwj.cn,0
10089,pawxwap,20180314150412028865,208393861,0,0,0,pay.kssdwj.cn,0
10089,pawxwap,20180314150412028865,208402509,0,0,0,pay.kssdwj.cn,0
10089,pawxwap,20180314150412028865,208402484,0,0,0,pay.lzkjh.top,0
10089,pawxwap,20180314150412028865,208398673,0,0,0,pay.lzkjh.top,0
10089,pawxwap,20180314150412028865,208401998,0,0,0,pay.lzkjh.top,0
10089,pawxwap,20180314150412028865,208398618,0,0,0,pay.lzkjh.top,0
10089,pawxwap,20180314150412028865,208402117,0,0,0,pay.lzkjh.top,0
10089,pawxwap,20180314150412028865,208393671,0,0,0,pay.mhmyk.top,0
10089,pawxwap,20180314150412028865,208402212,0,0,0,pay.mhmyk.top,0
10089,pawxwap,20180314150412028865,207585887,0,0,0,pay.mysyg.top,0
10089,pawxwap,20180314150412028865,207585914,0,0,0,pay.telmyb.top,0
10089,pawxwap,20180314150412028865,207577460,0,0,0,pay.telmyb.top,0
10089,pawxwap,20180314150412028865,207572611,0,0,0,pay.kssdwj.cn,0
10089,pawxwap,20180314150412028865,207577913,0,0,0,pay.jjmyx.top,0
10089,pawxwap,20180314150412028865,206049178,0,0,0,pay.mysyg.top,0
10089,pawxwap,20180314150412028865,208398527,0,0,0,pay.mhmyk.top,0
10089,pawxwap,20180314150412028865,208402211,0,0,0,pay.mhmyk.top,0
10089,pawxwap,20180314150412028865,208398427,0,0,0,pay.mhmyk.top,0
10089,pawxwap,20180314150412028865,208402132,0,0,0,pay.telmyb.top,0
10089,pawxwap,20180314150412028865,208398496,0,0,0,pay.telmyb.top,0
10089,pawxwap,20180314150412028865,208398141,0,0,0,pay.telmyb.top,0
10089,pawxwap,20180314150412028865,208393404,0,0,0,pay.telmyb.top,0
10089,pawxwap,20180314150412028865,208398427,0,0,0,pay.telmyb.top,0