10091,pawxwap,20180316224805020170,208826901,0,0,0,pay.lzkjh.top,0
10091,pawxwap,20180316224805020170,208831110,0,0,0,pay.lzkjh.top,0
10091,pawxwap,20180316224805020170,208826813,0,0,0,pay.lzkjh.top,0
10091,pawxwap,20180316224805020170,208824065,0,0,0,pay.lzkjh.top,0
10091,pawxwap,20180316224805020170,208823882,0,0,0,pay.lzkjh.top,0
10091,pawxwap,20180316224805020170,208823591,0,0,0,pay.lzkjh.top,0
10091,pawxwap,20180316224805020170,208826782,0,0,0,pay.jjmyx.top,0
10091,pawxwap,20180316224805020170,208831064,0,0,0,pay.jjmyx.top,0
10091,pawxwap,20180316224805020170,208823717,0,0,0,pay.jjmyx.top,0
10091,pawxwap,20180316224805020170,208835229,0,0,0,pay.jjmyx.top,0
10091,pawxwap,20180316224805020170,208826607,0,0,0,pay.jjmyx.top,0
10091,pawxwap,20180316224805020170,208823904,0,0,0,pay.jjmyx.top,0
10091,pawxwap,20180316224805020170,208826960,0,0,0,pay.kssdwj.cn,0
10091,pawxwap,20180316224805020170,208830607,0,0,0,pay.kssdwj.cn,0
10091,pawxwap,20180316224805020170,208823792,0,0,0,pay.kssdwj.cn,0
10091,pawxwap,20180316224805020170,208819877,0,0,0,pay.kssdwj.cn,0
10091,pawxwap,20180316224805020170,208826491,0,0,0,pay.kssdwj.cn,0
10091,pawxwap,20180316224805020170,208826704,0,0,0,pay.kssdwj.cn,0
10091,pawxwap,20180316224805020170,209044495,0,0,0,pay.kssdwj.cn,0
10091,pawxwap,20180316224805020170,209039902,0,0,0,pay.telmyb.top,0
10091,pawxwap,20180316224805020170,209051339,0,0,0,pay.telmyb.top,0
10091,pawxwap,20180316224805020170,209049332,0,0,0,pay.telmyb.top,0
10091,pawxwap,20180316224805020170,209051172,0,0,0,pay.telmyb.top,0
10091,pawxwap,20180316224805020170,209039613,0,0,0,pay.telmyb.top,0