10089,pawxwap,20180314150412028865,209065007,0,0,0,pay.jjmyx.top,0
10089,pawxwap,20180314150412028865,209052264,0,0,0,pay.jjmyx.top,0
10089,pawxwap,20180314150412028865,209052042,0,0,0,pay.jjmyx.top,0
10089,pawxwap,20180314150412028865,209052027,0,0,0,pay.jjmyx.top,0
10089,pawxwap,20180314150412028865,209051924,0,0,0,pay.jjmyx.top,0
10089,pawxwap,20180314150412028865,209051844,0,0,0,pay.jjmyx.top,0
10089,pawxwap,20180314150412028865,209055776,0,0,0,pay.mysyg.top,0
10089,pawxwap,20180314150412028865,209049790,0,0,0,pay.mysyg.top,0
10089,pawxwap,20180314150412028865,209051771,0,0,0,pay.mysyg.top,0
10089,pawxwap,20180314150412028865,209060100,0,0,0,pay.mysyg.top,0
10089,pawxwap,20180314150412028865,209055558,0,0,0,pay.mysyg.top,0
10089,pawxwap,20180314150412028865,209065127,0,0,0,pay.mhmyk.top,0
10089,pawxwap,20180314150412028865,209065178,0,0,0,pay.mhmyk.top,0
10089,pawxwap,20180314150412028865,209055444,0,0,0,pay.mhmyk.top,0
10089,pawxwap,20180314150412028865,209044861,0,0,0,pay.mhmyk.top,0
10089,pawxwap,20180314150412028865,209044894,0,0,0,pay.mhmyk.top,0
10089,pawxwap,20180314150412028865,209049956,0,0,0,pay.lzkjh.top,0
10089,pawxwap,20180314150412028865,209055146,0,0,0,pay.lzkjh.top,0
10089,pawxwap,20180314150412028865,209049229,0,0,0,pay.lzkjh.top,0
10089,pawxwap,20180314150412028865,209049429,0,0,0,pay.lzkjh.top,0
10089,pawxwap,20180314150412028865,209051560,0,0,0,pay.lzkjh.top,0
10089,pawxwap,20180314150412028865,209049718,0,0,0,pay.kssdwj.cn,0
10089,pawxwap,20180314150412028865,209055184,0,0,0,pay.kssdwj.cn,0
10089,pawxwap,20180314150412028865,209044533,0,0,0,pay.kssdwj.cn,0
10089,pawxwap,20180314150412028865,209049729,0,0,0,pay.kssdwj.cn,0